smoker,sex,run_5k_min
0,female,26.472467871485946
0,male,23.16994638069705
1,female,30.610458715596334
1,male,27.03529935275081
