smoker,sex,ldl_mg_dL
0,female,125.2070281124498
0,male,118.1680071492404
1,female,140.80963302752295
1,male,132.75485436893203
