smoker,sex,vo2max
0,female,39.277771084337346
0,male,45.67922252010724
1,female,34.725382262996945
1,male,41.62953074433657
