smoker,sex,hdl_mg_dL
0,female,39.113654618473895
0,male,45.24486148346738
1,female,33.60474006116208
1,male,40.40857605177994
