smoker,sex,triglycerides_mg_dL
0,female,112.23413654618474
0,male,112.09271671134942
1,female,127.10550458715596
1,male,125.59466019417475
