Workout_Type,Calories_per_hour
Cardio,873.6133404312205
HIIT,763.0810284163387
Strength,805.5324751377833
Yoga,812.0001605884343
