smoker,sex,resting_hr
0,female,69.44096385542169
0,male,66.47520107238606
1,female,79.69189602446484
1,male,76.18446601941747
